{"chunk_definitions":[{"row":77,"row_count":1,"visible":true,"expansion_state":0,"options":{"echo":true,"message":true,"engine":"r","label":"unnamed-chunk-3"},"document_id":"A568321C","chunk_id":"csetup_chunk","chunk_label":"setup"},{"row":97,"row_count":1,"visible":true,"expansion_state":0,"options":{"echo":true,"message":true,"engine":"r","label":"unnamed-chunk-5"},"document_id":"A568321C","chunk_id":"cduenva0df2qc","chunk_label":"unnamed-chunk-2"},{"row":105,"row_count":1,"visible":true,"expansion_state":0,"options":{"echo":true,"message":true,"engine":"r","label":"unnamed-chunk-6"},"document_id":"A568321C","chunk_id":"cj9j54kxi72pc","chunk_label":"unnamed-chunk-3"}],"doc_write_time":1712036825}